,prices,address,bed_num,home_type,city,zip_code,baths,sqft,state,zipcode,county
0,"$400,000",31008 Applewood Ln,4.0, House for sale, Farmington, MI 48331,3.0,2944.0,MI,48331,26125
1,"$325,000",37901 Carson St,3.0, House for sale, Farmington, MI 48331,2.0,1901.0,MI,48331,26125
2,"$400,000",31008 Applewood Ln,4.0, House for sale, Farmington, MI 48331,3.0,2944.0,MI,48331,26125
3,"$400,000",31008 Applewood Ln,4.0, House for sale, Farmington, MI 48331,3.0,2944.0,MI,48331,26125
4,"$400,000",31008 Applewood Ln,4.0, House for sale, Farmington, MI 48331,3.0,2944.0,MI,48331,26125
5,"$400,000",31008 Applewood Ln,4.0, House for sale, Farmington, MI 48331,3.0,2944.0,MI,48331,26125
6,"$400,000",31008 Applewood Ln,4.0, House for sale, Farmington, MI 48331,3.0,2944.0,MI,48331,26125
7,"$425,000",5372 Hauser Way,4.0, House for sale, West Bloomfield, MI 48323,4.0,3213.0,MI,48323,26125
8,"$425,000",5372 Hauser Way,4.0, House for sale, West Bloomfield, MI 48323,4.0,3213.0,MI,48323,26125
9,"$425,000",5372 Hauser Way,4.0, House for sale, West Bloomfield, MI 48323,4.0,3213.0,MI,48323,26125
10,"$425,000",5372 Hauser Way,4.0, House for sale, West Bloomfield, MI 48323,4.0,3213.0,MI,48323,26125
11,"$425,000",5372 Hauser Way,4.0, House for sale, West Bloomfield, MI 48323,4.0,3213.0,MI,48323,26125
12,"$425,000",5372 Hauser Way,4.0, House for sale, West Bloomfield, MI 48323,4.0,3213.0,MI,48323,26125
13,"$460,000",11526 Toledo Ave,3.0, House for sale, Manitou Beach, MI 49253,2.0,1708.0,MI,49253,26091
14,"$460,000",11526 Toledo Ave,3.0, House for sale, Manitou Beach, MI 49253,2.0,1708.0,MI,49253,26091
15,"$460,000",11526 Toledo Ave,3.0, House for sale, Manitou Beach, MI 49253,2.0,1708.0,MI,49253,26091
16,"$460,000",11526 Toledo Ave,3.0, House for sale, Manitou Beach, MI 49253,2.0,1708.0,MI,49253,26091
17,"$460,000",11526 Toledo Ave,3.0, House for sale, Manitou Beach, MI 49253,2.0,1708.0,MI,49253,26091
18,"$460,000",11526 Toledo Ave,3.0, House for sale, Manitou Beach, MI 49253,2.0,1708.0,MI,49253,26091
19,"$579,900",6479 Island Lake Dr,4.0, House for sale, East Lansing, MI 48823,4.0,4117.0,MI,48823,26037
20,"$579,900",6479 Island Lake Dr,4.0, House for sale, East Lansing, MI 48823,4.0,4117.0,MI,48823,26065
21,"$239,900",1655 Walnut Heights Dr,3.0, Coming soon, East Lansing, MI 48823,2.0,2027.0,MI,48823,26037
22,"$239,900",1655 Walnut Heights Dr,3.0, Coming soon, East Lansing, MI 48823,2.0,2027.0,MI,48823,26065
23,"$579,900",6479 Island Lake Dr,4.0, House for sale, East Lansing, MI 48823,4.0,4117.0,MI,48823,26037
24,"$579,900",6479 Island Lake Dr,4.0, House for sale, East Lansing, MI 48823,4.0,4117.0,MI,48823,26065
25,"$579,900",6479 Island Lake Dr,4.0, House for sale, East Lansing, MI 48823,4.0,4117.0,MI,48823,26037
26,"$579,900",6479 Island Lake Dr,4.0, House for sale, East Lansing, MI 48823,4.0,4117.0,MI,48823,26065
27,"$579,900",6479 Island Lake Dr,4.0, House for sale, East Lansing, MI 48823,4.0,4117.0,MI,48823,26037
28,"$579,900",6479 Island Lake Dr,4.0, House for sale, East Lansing, MI 48823,4.0,4117.0,MI,48823,26065
29,"$579,900",6479 Island Lake Dr,4.0, House for sale, East Lansing, MI 48823,4.0,4117.0,MI,48823,26037
30,"$579,900",6479 Island Lake Dr,4.0, House for sale, East Lansing, MI 48823,4.0,4117.0,MI,48823,26065
31,"$579,900",6479 Island Lake Dr,4.0, House for sale, East Lansing, MI 48823,4.0,4117.0,MI,48823,26037
32,"$579,900",6479 Island Lake Dr,4.0, House for sale, East Lansing, MI 48823,4.0,4117.0,MI,48823,26065
33,"$75,000",26 Maple Ct,3.0, Home for sale, Muskegon, MI 49445,2.0,1512.0,MI,49445,26121
34,"$199,900",1451 Havenga St,4.0, House for sale, Muskegon, MI 49445,2.0,2008.0,MI,49445,26121
35,"$75,000",26 Maple Ct,3.0, Home for sale, Muskegon, MI 49445,2.0,1512.0,MI,49445,26121
36,"$75,000",26 Maple Ct,3.0, Home for sale, Muskegon, MI 49445,2.0,1512.0,MI,49445,26121
37,"$75,000",26 Maple Ct,3.0, Home for sale, Muskegon, MI 49445,2.0,1512.0,MI,49445,26121
38,"$75,000",26 Maple Ct,3.0, Home for sale, Muskegon, MI 49445,2.0,1512.0,MI,49445,26121
39,"$75,000",26 Maple Ct,3.0, Home for sale, Muskegon, MI 49445,2.0,1512.0,MI,49445,26121
40,"$209,900",5959 Don Snow Camp Rd,4.0, House for sale, Twin Lake, MI 49457,2.0,1604.0,MI,49457,26123
41,"$209,900",5959 Don Snow Camp Rd,4.0, House for sale, Twin Lake, MI 49457,2.0,1604.0,MI,49457,26121
42,"$130,000",7911 W Lake Rd,3.0, Home for sale, Twin Lake, MI 49457,2.0,1114.0,MI,49457,26123
43,"$130,000",7911 W Lake Rd,3.0, Home for sale, Twin Lake, MI 49457,2.0,1114.0,MI,49457,26121
44,"$209,900",5959 Don Snow Camp Rd,4.0, House for sale, Twin Lake, MI 49457,2.0,1604.0,MI,49457,26123
45,"$209,900",5959 Don Snow Camp Rd,4.0, House for sale, Twin Lake, MI 49457,2.0,1604.0,MI,49457,26121
46,"$209,900",5959 Don Snow Camp Rd,4.0, House for sale, Twin Lake, MI 49457,2.0,1604.0,MI,49457,26123
47,"$209,900",5959 Don Snow Camp Rd,4.0, House for sale, Twin Lake, MI 49457,2.0,1604.0,MI,49457,26121
48,"$209,900",5959 Don Snow Camp Rd,4.0, House for sale, Twin Lake, MI 49457,2.0,1604.0,MI,49457,26123
49,"$209,900",5959 Don Snow Camp Rd,4.0, House for sale, Twin Lake, MI 49457,2.0,1604.0,MI,49457,26121
50,"$209,900",5959 Don Snow Camp Rd,4.0, House for sale, Twin Lake, MI 49457,2.0,1604.0,MI,49457,26123
51,"$209,900",5959 Don Snow Camp Rd,4.0, House for sale, Twin Lake, MI 49457,2.0,1604.0,MI,49457,26121
52,"$209,900",5959 Don Snow Camp Rd,4.0, House for sale, Twin Lake, MI 49457,2.0,1604.0,MI,49457,26123
53,"$209,900",5959 Don Snow Camp Rd,4.0, House for sale, Twin Lake, MI 49457,2.0,1604.0,MI,49457,26121
54,"$249,500",4687 W School Rd,3.0, Home for sale, Roscommon, MI 48653,2.0,2040.0,MI,48653,26143
55,"$249,500",4687 W School Rd,3.0, Home for sale, Roscommon, MI 48653,2.0,2040.0,MI,48653,26039
56,"$224,900",332 Clare Blvd,3.0, House for sale, Roscommon, MI 48653,2.0,1080.0,MI,48653,26143
57,"$224,900",332 Clare Blvd,3.0, House for sale, Roscommon, MI 48653,2.0,1080.0,MI,48653,26039
58,"$93,900",4394 E Higgins Lake Dr,1.0, House for sale, Roscommon, MI 48653,1.0,720.0,MI,48653,26143
59,"$93,900",4394 E Higgins Lake Dr,1.0, House for sale, Roscommon, MI 48653,1.0,720.0,MI,48653,26039
60,"$249,500",4687 W School Rd,3.0, Home for sale, Roscommon, MI 48653,2.0,2040.0,MI,48653,26143
61,"$249,500",4687 W School Rd,3.0, Home for sale, Roscommon, MI 48653,2.0,2040.0,MI,48653,26039
62,"$249,500",4687 W School Rd,3.0, Home for sale, Roscommon, MI 48653,2.0,2040.0,MI,48653,26143
63,"$249,500",4687 W School Rd,3.0, Home for sale, Roscommon, MI 48653,2.0,2040.0,MI,48653,26039
64,"$249,500",4687 W School Rd,3.0, Home for sale, Roscommon, MI 48653,2.0,2040.0,MI,48653,26143
65,"$249,500",4687 W School Rd,3.0, Home for sale, Roscommon, MI 48653,2.0,2040.0,MI,48653,26039
66,"$249,500",4687 W School Rd,3.0, Home for sale, Roscommon, MI 48653,2.0,2040.0,MI,48653,26143
67,"$249,500",4687 W School Rd,3.0, Home for sale, Roscommon, MI 48653,2.0,2040.0,MI,48653,26039
68,"$249,500",4687 W School Rd,3.0, Home for sale, Roscommon, MI 48653,2.0,2040.0,MI,48653,26143
69,"$249,500",4687 W School Rd,3.0, Home for sale, Roscommon, MI 48653,2.0,2040.0,MI,48653,26039
70,"$349,900",14887 177th Ave,4.0, House for sale, Grand Haven, MI 49417,3.0,2045.0,MI,49417,26139
71,"$249,900",1010 Orchard Ave,3.0, House for sale, Grand Haven, MI 49417,2.0,1800.0,MI,49417,26139
72,"$239,900",1333 Columbus Ave,3.0, House for sale, Grand Haven, MI 49417,2.0,1297.0,MI,49417,26139
73,"$349,900",14887 177th Ave,4.0, House for sale, Grand Haven, MI 49417,3.0,2045.0,MI,49417,26139
74,"$249,900",1010 Orchard Ave,3.0, House for sale, Grand Haven, MI 49417,2.0,1800.0,MI,49417,26139
75,"$349,900",14887 177th Ave,4.0, House for sale, Grand Haven, MI 49417,3.0,2045.0,MI,49417,26139
76,"$249,900",1010 Orchard Ave,3.0, House for sale, Grand Haven, MI 49417,2.0,1800.0,MI,49417,26139
77,"$349,900",14887 177th Ave,4.0, House for sale, Grand Haven, MI 49417,3.0,2045.0,MI,49417,26139
78,"$249,900",1010 Orchard Ave,3.0, House for sale, Grand Haven, MI 49417,2.0,1800.0,MI,49417,26139
79,"$349,900",14887 177th Ave,4.0, House for sale, Grand Haven, MI 49417,3.0,2045.0,MI,49417,26139
80,"$249,900",1010 Orchard Ave,3.0, House for sale, Grand Haven, MI 49417,2.0,1800.0,MI,49417,26139
81,"$349,900",14887 177th Ave,4.0, House for sale, Grand Haven, MI 49417,3.0,2045.0,MI,49417,26139
82,"$249,900",1010 Orchard Ave,3.0, House for sale, Grand Haven, MI 49417,2.0,1800.0,MI,49417,26139
83,"$215,900",4309 Barnard Rd,3.0, House for sale, Waterford, MI 48329,2.0,1420.0,MI,48329,26125
84,"$255,000",2825 Muskovie Ave,4.0, House for sale, Waterford, MI 48329,4.0,2433.0,MI,48329,26125
85,"$340,000",781 Maury Pl,4.0, House for sale, Howell, MI 48843,2.0,1589.0,MI,48843,26093
86,"$1,425,000",4165 Arthur Hills Dr,4.0, House for sale, Harbor Springs, MI 49740,5.0,6988.0,MI,49740,26047
87,"$219,900",47623 Pembroke Dr,2.0, Coming soon, Canton, MI 48188,3.0,1660.0,MI,48188,26163
88,"$295,000",5080 Laurelwood Dr,3.0, House for sale, Hudsonville, MI 49426,2.0,2000.0,MI,49426,26139
89,"$295,000",5080 Laurelwood Dr,3.0, House for sale, Hudsonville, MI 49426,2.0,2000.0,MI,49426,26005
90,"$189,900",1140 S Lackie Rd,3.0, House for sale, Bad Axe, MI 48413,2.0,1344.0,MI,48413,26063
91,"$47,000",15734 Mark Twain St,4.0, House for sale, Detroit, MI 48227,1.0,1321.0,MI,48227,26163
92,"$89,900",8764 Lake Shore Trl,1.0, House for sale, Atlanta, MI 49709,1.0,1000.0,MI,49709,26119
93,"$164,900",17206 Roselawn St,6.0, House for sale, Detroit, MI 48221,2.0,2171.0,MI,48221,26163
94,"$415,000",20535 Hidden Lake Rd,3.0, House for sale, Gregory, MI 48137,2.0,2400.0,MI,48137,26161
95,"$415,000",20535 Hidden Lake Rd,3.0, House for sale, Gregory, MI 48137,2.0,2400.0,MI,48137,26093
96,"$114,900",1654 Bel Air St,3.0, House for sale, Saginaw, MI 48604,1.0,1200.0,MI,48604,26017
97,"$114,900",1654 Bel Air St,3.0, House for sale, Saginaw, MI 48604,1.0,1200.0,MI,48604,26145
98,"$285,000",286 Ridgeway Dr,3.0, House for sale, Brooklyn, MI 49230,1.0,1379.0,MI,49230,26091
99,"$285,000",286 Ridgeway Dr,3.0, House for sale, Brooklyn, MI 49230,1.0,1379.0,MI,49230,26161
100,"$285,000",286 Ridgeway Dr,3.0, House for sale, Brooklyn, MI 49230,1.0,1379.0,MI,49230,26075
101,"$375,000",123 N Grand Pointe Dr,4.0, House for sale, Brooklyn, MI 49230,3.0,2400.0,MI,49230,26091
102,"$375,000",123 N Grand Pointe Dr,4.0, House for sale, Brooklyn, MI 49230,3.0,2400.0,MI,49230,26161
103,"$375,000",123 N Grand Pointe Dr,4.0, House for sale, Brooklyn, MI 49230,3.0,2400.0,MI,49230,26075
104,"$159,500",4941 Main Rd,4.0, House for sale, Applegate, MI 48401,2.0,2000.0,MI,48401,26151
105,"$64,900",6185 Paint Creek Ct,4.0, House for sale, Kimball, MI 48074,2.0,2027.0,MI,48074,26147
106,"$180,000",4237 23rd St,3.0, House for sale, Wyandotte, MI 48192,2.0,1011.0,MI,48192,26163
107,"$215,000",505 Vinewood St,4.0, House for sale, Wyandotte, MI 48192,2.0,1208.0,MI,48192,26163
108,"$170,000",1829 13th St,3.0, Coming soon, Wyandotte, MI 48192,1.0,1060.0,MI,48192,26163
109,"$82,000",16400-16400 N Park Dr APT 1210-108,2.0, Condo for sale, Southfield, MI 48075,2.0,1250.0,MI,48075,26125
110,"$269,000",1232 Stover Rd,5.0, House for sale, Standish, MI 48658,3.0,3258.0,MI,48658,26017
111,"$269,000",1232 Stover Rd,5.0, House for sale, Standish, MI 48658,3.0,3258.0,MI,48658,26011
112,"$70,000",2942 Horseshoe Lake Rd,3.0, House for sale, West Branch, MI 48661,1.0,1260.0,MI,48661,26129
113,"$199,999",1157 Holly Spring Ln,3.0, House for sale, Grand Blanc, MI 48439,2.0,1444.0,MI,48439,26125
114,"$199,999",1157 Holly Spring Ln,3.0, House for sale, Grand Blanc, MI 48439,2.0,1444.0,MI,48439,26049
115,"$240,000",3431 Brenthill Dr,4.0, House for sale, Grand Blanc, MI 48439,3.0,1586.0,MI,48439,26125
116,"$240,000",3431 Brenthill Dr,4.0, House for sale, Grand Blanc, MI 48439,3.0,1586.0,MI,48439,26049
117,"$315,000",4404 Baldwin Rd,3.0, Coming soon, Grand Blanc, MI 48439,2.0,1503.0,MI,48439,26125
118,"$315,000",4404 Baldwin Rd,3.0, Coming soon, Grand Blanc, MI 48439,2.0,1503.0,MI,48439,26049
119,"$28,000",12195 Cloverlawn St,3.0, Foreclosure, Detroit, MI 48204,2.0,1652.0,MI,48204,26163
120,"$139,900",4346 Norman Dr SE APT 102,2.0, Condo for sale, Grand Rapids, MI 49508,2.0,801.0,MI,49508,26081
121,"$369,000",1666 Madison Ct,5.0, House for sale, Clarkston, MI 48346,4.0,1719.0,MI,48346,26125
122,"$430,000",5813 Curtice Rd,4.0, House for sale, Mason, MI 48854,3.0,2016.0,MI,48854,26065
123,"$500,000",4364 Curtice Rd,3.0, House for sale, Mason, MI 48854,3.0,4170.0,MI,48854,26065
124,"$325,000",299 Ives Rd,3.0, House for sale, Mason, MI 48854,4.0,3390.0,MI,48854,26065
125,"$199,900",3459 Rolfe Rd,3.0, House for sale, Mason, MI 48854,1.0,1242.0,MI,48854,26065
126,"$164,900",314 E Ash St,3.0, House for sale, Mason, MI 48854,1.0,1312.0,MI,48854,26065
127,"$289,000",5810 Lakeshore Rd N,2.0, House for sale, Palms, MI 48465,1.0,948.0,MI,48465,26151
128,"$259,900",1580 Haddon Hall Dr,4.0, House for sale, Holt, MI 48842,3.0,3048.0,MI,48842,26045
129,"$259,900",1580 Haddon Hall Dr,4.0, House for sale, Holt, MI 48842,3.0,3048.0,MI,48842,26065
130,"$199,215",710 Paris Ave SE,4.0, Multi-family home for sale, Grand Rapids, MI 49503,2.0,1810.0,MI,49503,26081
131,"$49,900",3697 Chase Bridge Rd,3.0, House for sale, Grayling, MI 49738,1.0,1008.0,MI,49738,26135
132,"$49,900",3697 Chase Bridge Rd,3.0, House for sale, Grayling, MI 49738,1.0,1008.0,MI,49738,26039
133,"$49,900",3697 Chase Bridge Rd,3.0, House for sale, Grayling, MI 49738,1.0,1008.0,MI,49738,26137
134,"$49,900",3697 Chase Bridge Rd,3.0, House for sale, Grayling, MI 49738,1.0,1008.0,MI,49738,26079
135,"$339,900",6516 Thimbleweed Ln NE,3.0, House for sale, Rockford, MI 49341,2.0,2216.0,MI,49341,26081
136,"$280,000",11829 Redberry Ct NE,3.0, House for sale, Rockford, MI 49341,2.0,1350.0,MI,49341,26081
137,"$400,000",9114 Lady Lauren Dr NE,4.0, House for sale, Rockford, MI 49341,3.0,2141.0,MI,49341,26081
138,"$429,900",6700 Twin Springs Ct,4.0, House for sale, Rockford, MI 49341,3.0,2824.0,MI,49341,26081
139,"$289,900",3224 McCollum Lake Rd,4.0, House for sale, Curran, MI 48728,4.0,2266.0,MI,48728,26135
140,"$289,900",3224 McCollum Lake Rd,4.0, House for sale, Curran, MI 48728,4.0,2266.0,MI,48728,26001
141,"$292,600",1807 Saint Joseph St,3.0, Townhouse for sale, Traverse City, MI 49696,2.0,1500.0,MI,49696,26055
142,"$240,000",1259 N Keystone Rd,3.0, House for sale, Traverse City, MI 49696,1.0,1528.0,MI,49696,26055
143,"$220,000",2328 Hemlock Ave,3.0, House for sale, Portage, MI 49024,1.0,1660.0,MI,49024,26077
144,"$349,890",48249 Pheasant St,4.0, House for sale, Chesterfield, MI 48047,4.0,2634.0,MI,48047,26099
145,"$180,000",46386 Jefferson Ave,2.0, House for sale, Chesterfield, MI 48047,1.0,1432.0,MI,48047,26099
146,"$219,900",1114 Birchwood Dr,3.0, House for sale, Temperance, MI 48182,2.0,1841.0,MI,48182,26115
147,"$199,900",18792 Fir Dr,5.0, Home for sale, Big Rapids, MI 49307,2.0,1752.0,MI,49307,26123
148,"$199,900",18792 Fir Dr,5.0, Home for sale, Big Rapids, MI 49307,2.0,1752.0,MI,49307,26107
149,"$280,000",130 Buckley Ln,5.0, House for sale, Battle Creek, MI 49015,4.0,3197.0,MI,49015,26025
150,"$280,000",130 Buckley Ln,5.0, House for sale, Battle Creek, MI 49015,4.0,3197.0,MI,49015,26077
151,"$155,000",110 23rd St N,4.0, House for sale, Battle Creek, MI 49015,2.0,1448.0,MI,49015,26025
152,"$155,000",110 23rd St N,4.0, House for sale, Battle Creek, MI 49015,2.0,1448.0,MI,49015,26077
153,"$405,000",20218 Martinsville Rd,3.0, House for sale, Belleville, MI 48111,1.0,1230.0,MI,48111,26115
154,"$405,000",20218 Martinsville Rd,3.0, House for sale, Belleville, MI 48111,1.0,1230.0,MI,48111,26161
155,"$405,000",20218 Martinsville Rd,3.0, House for sale, Belleville, MI 48111,1.0,1230.0,MI,48111,26163
156,"$119,900",1064 Hannah Ave,2.0, House for sale, Lansing, MI 48906,1.0,784.0,MI,48906,26045
157,"$119,900",1064 Hannah Ave,2.0, House for sale, Lansing, MI 48906,1.0,784.0,MI,48906,26065
158,"$119,900",1064 Hannah Ave,2.0, House for sale, Lansing, MI 48906,1.0,784.0,MI,48906,26037
159,"$469,900",776 S Lakeshore Blvd,2.0, House for sale, Marquette, MI 49855,3.0,1560.0,MI,49855,26103
160,"$469,900",772 S Lakeshore Blvd,2.0, House for sale, Marquette, MI 49855,3.0,1560.0,MI,49855,26103
161,"$59,900",13940 Toepfer Rd,2.0, House for sale, Warren, MI 48089,1.0,725.0,MI,48089,26099
162,"$319,900",9249 Caprice Dr,3.0, House for sale, Plymouth, MI 48170,2.0,1361.0,MI,48170,26161
163,"$319,900",9249 Caprice Dr,3.0, House for sale, Plymouth, MI 48170,2.0,1361.0,MI,48170,26163
164,"$655,000",9841 Fellows Hill Ct,4.0, House for sale, Plymouth, MI 48170,4.0,3412.0,MI,48170,26161
165,"$655,000",9841 Fellows Hill Ct,4.0, House for sale, Plymouth, MI 48170,4.0,3412.0,MI,48170,26163
166,"$319,900",664 Coolidge St,3.0, House for sale, Plymouth, MI 48170,1.0,988.0,MI,48170,26161
167,"$319,900",664 Coolidge St,3.0, House for sale, Plymouth, MI 48170,1.0,988.0,MI,48170,26163
168,"$529,000",712 Bay East Dr,3.0, House for sale, Traverse City, MI 49686,2.0,2320.0,MI,49686,26055
169,"$525,000",925 Huron Hills Dr,4.0, House for sale, Traverse City, MI 49686,2.0,2245.0,MI,49686,26055
170,"$175,000",645 Adams St,3.0, House for sale, Lapeer, MI 48446,2.0,1192.0,MI,48446,26087
171,"$197,000",3600/02 Sandhurst Dr,6.0, Multi-family home for sale, Lansing, MI 48911,4.0,2464.0,MI,48911,26045
172,"$197,000",3600/02 Sandhurst Dr,6.0, Multi-family home for sale, Lansing, MI 48911,4.0,2464.0,MI,48911,26065
173,"$299,900",425 Hillcrest Ave,3.0, House for sale, Grosse Pointe Farms, MI 48236,2.0,1598.0,MI,48236,26099
174,"$299,900",425 Hillcrest Ave,3.0, House for sale, Grosse Pointe Farms, MI 48236,2.0,1598.0,MI,48236,26163
175,"$699,000",283 Grosse Pointe Blvd,3.0, House for sale, Grosse Pointe Farms, MI 48236,2.0,2100.0,MI,48236,26099
176,"$699,000",283 Grosse Pointe Blvd,3.0, House for sale, Grosse Pointe Farms, MI 48236,2.0,2100.0,MI,48236,26163
177,"$174,900",1581 Clark St,4.0, House for sale, Muskegon, MI 49442,2.0,1556.0,MI,49442,26121
178,"$299,900",1064 Owen Dr,3.0, House for sale, Petoskey, MI 49770,2.0,1560.0,MI,49770,26031
179,"$299,900",1064 Owen Dr,3.0, House for sale, Petoskey, MI 49770,2.0,1560.0,MI,49770,26047
180,"$299,900",1064 Owen Dr,3.0, House for sale, Petoskey, MI 49770,2.0,1560.0,MI,49770,26029
181,"$269,900",1013 Buckley Ave,4.0, House for sale, Petoskey, MI 49770,3.0,1583.0,MI,49770,26031
182,"$269,900",1013 Buckley Ave,4.0, House for sale, Petoskey, MI 49770,3.0,1583.0,MI,49770,26047
183,"$269,900",1013 Buckley Ave,4.0, House for sale, Petoskey, MI 49770,3.0,1583.0,MI,49770,26029
184,"$319,900",8597 Pickerel Lake Rd,3.0, House for sale, Petoskey, MI 49770,2.0,1484.0,MI,49770,26031
185,"$319,900",8597 Pickerel Lake Rd,3.0, House for sale, Petoskey, MI 49770,2.0,1484.0,MI,49770,26047
186,"$319,900",8597 Pickerel Lake Rd,3.0, House for sale, Petoskey, MI 49770,2.0,1484.0,MI,49770,26029
187,"$2,800,000",10611 Lighthouse Pt,5.0, House for sale, South Lyon, MI 48178,6.0,7000.0,MI,48178,26125
188,"$2,800,000",10611 Lighthouse Pt,5.0, House for sale, South Lyon, MI 48178,6.0,7000.0,MI,48178,26161
189,"$2,800,000",10611 Lighthouse Pt,5.0, House for sale, South Lyon, MI 48178,6.0,7000.0,MI,48178,26093
190,"$419,000",4145 Des Jardins Ln,4.0, House for sale, Howell, MI 48855,3.0,2480.0,MI,48855,26093
191,"$264,900",9687 Perry St,2.0, Condo for sale, Zeeland, MI 49464,2.0,1922.0,MI,49464,26139
192,"$264,900",9687 Perry St,2.0, Condo for sale, Zeeland, MI 49464,2.0,1922.0,MI,49464,26005
193,"$320,000",7358 Byron Rd,3.0, House for sale, Zeeland, MI 49464,2.0,1400.0,MI,49464,26139
194,"$320,000",7358 Byron Rd,3.0, House for sale, Zeeland, MI 49464,2.0,1400.0,MI,49464,26005
195,"$179,900",167 N Red Oak Rd,2.0, House for sale, Lewiston, MI 49756,2.0,1292.0,MI,49756,26137
196,"$179,900",167 N Red Oak Rd,2.0, House for sale, Lewiston, MI 49756,2.0,1292.0,MI,49756,26119
197,"$179,900",167 N Red Oak Rd,2.0, House for sale, Lewiston, MI 49756,2.0,1292.0,MI,49756,26039
198,"$179,900",167 N Red Oak Rd,2.0, House for sale, Lewiston, MI 49756,2.0,1292.0,MI,49756,26135
199,"$199,900",3866 Kneeland Rd,4.0, House for sale, Lewiston, MI 49756,2.0,1300.0,MI,49756,26137
200,"$199,900",3866 Kneeland Rd,4.0, House for sale, Lewiston, MI 49756,2.0,1300.0,MI,49756,26119
201,"$199,900",3866 Kneeland Rd,4.0, House for sale, Lewiston, MI 49756,2.0,1300.0,MI,49756,26039
202,"$199,900",3866 Kneeland Rd,4.0, House for sale, Lewiston, MI 49756,2.0,1300.0,MI,49756,26135
203,"$210,000",1419 Atkinson St,5.0, House for sale, Detroit, MI 48206,3.0,2564.0,MI,48206,26163
204,"$79,000",2447 W Philadelphia St,,"- bds5 ba3,610 sqft- Multi-family home for sale", Detroit, MI 48206,,,MI,48206,26163
205,"$239,900",8720 Wintergreen St,3.0, House for sale, Lansing, MI 48917,2.0,1496.0,MI,48917,26065
206,"$239,900",8720 Wintergreen St,3.0, House for sale, Lansing, MI 48917,2.0,1496.0,MI,48917,26045
207,"$34,900",807 Willard Dr,2.0, House for sale, Luther, MI 49656,1.0,1200.0,MI,49656,26085
208,"$275,000",1581 Honeybrook Dr,4.0, House for sale, Jenison, MI 49428,2.0,1620.0,MI,49428,26139
209,"$375,000",1339 Monte Carlo Dr,4.0, House for sale, Jenison, MI 49428,3.0,2106.0,MI,49428,26139
210,"$300,000",11420 W Grand River Ave,4.0, House for sale, Lowell, MI 49331,3.0,2252.0,MI,49331,26081
211,"$300,000",11420 W Grand River Ave,4.0, House for sale, Lowell, MI 49331,3.0,2252.0,MI,49331,26067
212,"$1,200,000",3131 N 168th Ave,7.0, House for sale, Holland, MI 49424,4.0,4864.0,MI,49424,26139
213,"$274,900",196 Ann St,4.0, House for sale, Holland, MI 49424,2.0,2013.0,MI,49424,26139
214,"$460,000",2504 Lakeshore Dr,3.0, House for sale, Holland, MI 49424,3.0,2093.0,MI,49424,26139
215,"$199,900",6098 W Beard Rd,3.0, House for sale, Perry, MI 48872,1.0,1500.0,MI,48872,26065
216,"$199,900",6098 W Beard Rd,3.0, House for sale, Perry, MI 48872,1.0,1500.0,MI,48872,26093
217,"$199,900",6098 W Beard Rd,3.0, House for sale, Perry, MI 48872,1.0,1500.0,MI,48872,26155
218,"$243,900",13266 Heather Ln,3.0, House for sale, Perry, MI 48872,2.0,2000.0,MI,48872,26065
219,"$243,900",13266 Heather Ln,3.0, House for sale, Perry, MI 48872,2.0,2000.0,MI,48872,26093
220,"$243,900",13266 Heather Ln,3.0, House for sale, Perry, MI 48872,2.0,2000.0,MI,48872,26155
221,"$214,900",17287 Trowbridge Rd,3.0, House for sale, Wolverine, MI 49799,2.0,1800.0,MI,49799,26031
222,"$214,900",17287 Trowbridge Rd,3.0, House for sale, Wolverine, MI 49799,2.0,1800.0,MI,49799,26047
223,"$339,000",17850 Old Us Highway 12,3.0, House for sale, Chelsea, MI 48118,2.0,1453.0,MI,48118,26161
224,"$339,000",17850 Old Us Highway 12,3.0, House for sale, Chelsea, MI 48118,2.0,1453.0,MI,48118,26075
225,"$159,900",13852 E 638th Hwy,3.0, House for sale, Presque Isle, MI 49777,2.0,1232.0,MI,49777,26141
226,"$272,000",1765 Orr Rd,3.0, House for sale, Caro, MI 48723,2.0,2110.0,MI,48723,26157
227,"$229,000",670 Thirteen Mile Rd NW,3.0, House for sale, Sparta, MI 49345,1.0,1593.0,MI,49345,26139
228,"$229,000",670 Thirteen Mile Rd NW,3.0, House for sale, Sparta, MI 49345,1.0,1593.0,MI,49345,26081
229,"$350,000",4287 Lyons Rd,3.0, House for sale, Lyons, MI 48851,2.0,1764.0,MI,48851,26067
230,"$538,000",2568 Seymour Dr,4.0, House for sale, Shelbyville, MI 49344,2.0,2304.0,MI,49344,26005
231,"$538,000",2568 Seymour Dr,4.0, House for sale, Shelbyville, MI 49344,2.0,2304.0,MI,49344,26015
232,"$315,000",210 E Union City Rd,3.0, House for sale, Coldwater, MI 49036,2.0,1608.0,MI,49036,26023
233,"$195,000",7325 Hartel St,3.0, House for sale, Westland, MI 48185,2.0,1100.0,MI,48185,26163
234,"$219,900",27227 J Dr N,3.0, House for sale, Albion, MI 49224,2.0,1480.0,MI,49224,26075
235,"$219,900",27227 J Dr N,3.0, House for sale, Albion, MI 49224,2.0,1480.0,MI,49224,26025
236,"$259,900",11291 Suffolk Dr,3.0, Coming soon, Southgate, MI 48195,2.0,1742.0,MI,48195,26163
237,"$210,000",10209 Sargent Rd,4.0, House for sale, Fowlerville, MI 48836,2.0,1466.0,MI,48836,26093
238,"$210,000",10209 Sargent Rd,4.0, House for sale, Fowlerville, MI 48836,2.0,1466.0,MI,48836,26155
239,"$319,999",26243 Greythorne Trl,3.0, House for sale, Farmington, MI 48334,3.0,2325.0,MI,48334,26125
240,"$189,900",0 Shea Rd,6.0, Lot / Land for sale, Fair Haven, MI 48023,,,MI,48023,26147
241,"$175,000",405 E Woodruff Ave,3.0, House for sale, Hazel Park, MI 48030,1.0,1457.0,MI,48030,26125
242,"$421,900",605 S Classic Dr,4.0, House for sale, Gaylord, MI 49735,4.0,1840.0,MI,49735,26137
243,"$399,000",5583 Frontier Trl,3.0, House for sale, Gaylord, MI 49735,3.0,1750.0,MI,49735,26137
244,"$349,000",333 E Maplehurst St,3.0, Coming soon, Ferndale, MI 48220,2.0,1428.0,MI,48220,26125
245,"$250,000",232 Adams Ct,3.0, Coming soon, Ferndale, MI 48220,2.0,1172.0,MI,48220,26125
246,"$320,000",8600 Rattalee Lake Rd,3.0, House for sale, Clarkston, MI 48348,3.0,1561.0,MI,48348,26125
247,"$395,000",4224 Woodchuck Run Dr,3.0, House for sale, Middleville, MI 49333,2.0,1603.0,MI,49333,26015
248,"$395,000",4224 Woodchuck Run Dr,3.0, House for sale, Middleville, MI 49333,2.0,1603.0,MI,49333,26081
249,"$395,000",4224 Woodchuck Run Dr,3.0, House for sale, Middleville, MI 49333,2.0,1603.0,MI,49333,26005
250,"$179,900",22420 California St,3.0, House for sale, Saint Clair Shores, MI 48080,2.0,981.0,MI,48080,26163
251,"$179,900",22420 California St,3.0, House for sale, Saint Clair Shores, MI 48080,2.0,981.0,MI,48080,26099
252,"$219,900",22429 Trombly St,3.0, Coming soon, Saint Clair Shores, MI 48080,2.0,972.0,MI,48080,26163
253,"$219,900",22429 Trombly St,3.0, Coming soon, Saint Clair Shores, MI 48080,2.0,972.0,MI,48080,26099
254,"$400,000",32825 Bordman Rd,3.0, House for sale, Riley, MI 48041,2.0,2772.0,MI,48041,26147
255,"$400,000",32825 Bordman Rd,3.0, House for sale, Riley, MI 48041,2.0,2772.0,MI,48041,26099
256,"$110,000",1216 Somerset Ln,4.0, House for sale, Flint, MI 48503,4.0,1646.0,MI,48503,26049
257,"$169,000",1030 S 1st St,3.0, House for sale, Au Gres, MI 48703,1.0,1056.0,MI,48703,26011
258,"$275,000",1305 Thomas St SE,4.0, House for sale, Grand Rapids, MI 49506,2.0,1670.0,MI,49506,26081
259,"$87,500",Fredrick St #52-55,4.0, Lot / Land for sale, Southfield, MI 48033,,,MI,48033,26125
260,"$250,000",14351 Brandywine Rd,3.0, Coming soon, Sterling Heights, MI 48312,2.0,1191.0,MI,48312,26099
261,"$248,000",7717 Sofia Dr SW #15,2.0, Condo for sale, Byron Center, MI 49315,2.0,1400.0,MI,49315,26005
262,"$248,000",7717 Sofia Dr SW #15,2.0, Condo for sale, Byron Center, MI 49315,2.0,1400.0,MI,49315,26081
263,"$248,000",7717 Sofia Dr SW #15,2.0, Condo for sale, Byron Center, MI 49315,2.0,1400.0,MI,49315,26139
264,"$349,000",1014 Irving Ave,3.0, House for sale, Royal Oak, MI 48067,2.0,1948.0,MI,48067,26125
265,"$498,000",1089 Huckleberry Ln SE,4.0, House for sale, Grand Rapids, MI 49546,4.0,2582.0,MI,49546,26081
266,"$339,900",2384 Durfee Rd,3.0, House for sale, Luzerne, MI 48636,1.0,1528.0,MI,48636,26135
267,"$489,900",9273 Matthews Hwy,4.0, House for sale, Tecumseh, MI 49286,3.0,2115.0,MI,49286,26091
268,"$589,900",2584 W Taylor Rd,4.0, House for sale, Tecumseh, MI 49286,4.0,3650.0,MI,49286,26091
269,"$240,000",1315 Waters Edge Ct,2.0, House for sale, Whitehall, MI 49461,2.0,1298.0,MI,49461,26121
270,"$115,000",4017 Summit St,4.0, House for sale, Weston, MI 49289,2.0,1968.0,MI,49289,26091
271,"$254,900",349 E Peterson Dr,5.0, House for sale, Brighton, MI 48114,3.0,2112.0,MI,48114,26093
272,"$425,000",42817 N Hampton Dr,4.0, House for sale, Sterling Heights, MI 48314,4.0,1980.0,MI,48314,26099
273,"$299,000",24000 Bordman Rd,4.0, House for sale, Armada, MI 48005,2.0,1917.0,MI,48005,26099
274,"$215,000",661 N State St,3.0, House for sale, Ionia, MI 48846,2.0,1520.0,MI,48846,26067
275,"$210,000",5331 N Sprinkle Rd,3.0, House for sale, Kalamazoo, MI 49004,2.0,1470.0,MI,49004,26077
276,"$290,000",2332 Rutherford Rd,3.0, House for sale, Bloomfield Hills, MI 48302,1.0,1526.0,MI,48302,26125
277,"$479,000",7830 Herrington Ave NE,3.0, House for sale, Belmont, MI 49306,3.0,3400.0,MI,49306,26081
278,"$130,000",3955 Keystone Ln,2.0, House for sale, Elmira, MI 49730,2.0,1080.0,MI,49730,26137
279,"$130,000",3955 Keystone Ln,2.0, House for sale, Elmira, MI 49730,2.0,1080.0,MI,49730,26029
280,"$130,000",3955 Keystone Ln,2.0, House for sale, Elmira, MI 49730,2.0,1080.0,MI,49730,26009
281,"$384,999",5107 Bricker Rd,3.0, Coming soon, Kenockee, MI 48006,3.0,1600.0,MI,48006,26147
282,"$240,000",13473 Perry Cir,3.0, Coming soon, Warren, MI 48088,2.0,1300.0,MI,48088,26099
283,"$139,000",11580 S Hillsdale Rd,4.0, House for sale, Camden, MI 49232,1.0,1896.0,MI,49232,26059
284,"$119,900",7951 Roosevelt St,2.0, House for sale, Taylor, MI 48180,1.0,1077.0,MI,48180,26163
285,"$135,000",15161 Sprenger Ave,3.0, Coming soon, Eastpointe, MI 48021,2.0,1352.0,MI,48021,26099
286,"$165,000",14772 Rosemary St,3.0, House for sale, Detroit, MI 48213,2.0,1572.0,MI,48213,26163
287,"$320,000",9140 Four Mile Rd,4.0, House for sale, Hesperia, MI 49421,2.0,2420.0,MI,49421,26123
288,"$320,000",9140 Four Mile Rd,4.0, House for sale, Hesperia, MI 49421,2.0,2420.0,MI,49421,26127
289,"$209,900",6433 Mead St,3.0, Coming soon, Dearborn, MI 48126,2.0,1204.0,MI,48126,26163
290,"$126,900",1023 E Main St,3.0, House for sale, Benton Harbor, MI 49022,2.0,1790.0,MI,49022,26159
291,"$126,900",1023 E Main St,3.0, House for sale, Benton Harbor, MI 49022,2.0,1790.0,MI,49022,26021
292,"$139,900",1337 Bishop Ave,3.0, House for sale, Benton Harbor, MI 49022,1.0,1100.0,MI,49022,26159
293,"$139,900",1337 Bishop Ave,3.0, House for sale, Benton Harbor, MI 49022,1.0,1100.0,MI,49022,26021
294,"$89,900",29482 Oakhill Ct,4.0, Home for sale, Rockwood, MI 48173,3.0,2128.0,MI,48173,26163
295,"$475,000",14865 Stoney Brook Dr W,4.0, House for sale, Shelby Township, MI 48315,4.0,2400.0,MI,48315,26099
296,"$178,000",432 N Sherwood Ave,4.0, House for sale, Plainwell, MI 49080,2.0,1904.0,MI,49080,26005
297,"$178,000",432 N Sherwood Ave,4.0, House for sale, Plainwell, MI 49080,2.0,1904.0,MI,49080,26077
298,"$178,000",432 N Sherwood Ave,4.0, House for sale, Plainwell, MI 49080,2.0,1904.0,MI,49080,26015
299,"$199,900",132 S Main St,4.0, Multi-family home for sale, Olivet, MI 49076,2.0,2200.0,MI,49076,26025
300,"$199,900",132 S Main St,4.0, Multi-family home for sale, Olivet, MI 49076,2.0,2200.0,MI,49076,26045
301,"$200,000",22638 Cranbrook St,3.0, House for sale, Woodhaven, MI 48183,2.0,1532.0,MI,48183,26163
302,"$280,000",2253 Sheffield Dr,3.0, House for sale, Kalamazoo, MI 49008,2.0,1464.0,MI,49008,26077
303,"$150,000",28370 Bredow Ave,2.0, Foreclosure, Romulus, MI 48174,2.0,922.0,MI,48174,26163
304,"$259,000",1122 Clearwater Blvd,2.0, House for sale, White Lake, MI 48386,1.0,728.0,MI,48386,26125
305,"$159,222",513 Chippewa Trl,3.0, House for sale, Prudenville, MI 48651,2.0,1200.0,MI,48651,26143
306,"$232,000",5815 Lake Dr,4.0, House for sale, Haslett, MI 48840,2.0,1912.0,MI,48840,26037
307,"$232,000",5815 Lake Dr,4.0, House for sale, Haslett, MI 48840,2.0,1912.0,MI,48840,26065
308,"$232,000",5815 Lake Dr,4.0, House for sale, Haslett, MI 48840,2.0,1912.0,MI,48840,26155
309,"$240,000",414 Creston Ave,3.0, House for sale, Kalamazoo, MI 49001,1.0,1352.0,MI,49001,26077
310,"$209,000",5347 Dearing Dr,3.0, Coming soon, Flint, MI 48506,3.0,1500.0,MI,48506,26049
311,"$389,000",1511 Bernice Ave,2.0, House for sale, Saint Joseph, MI 49085,2.0,1687.0,MI,49085,26021
312,"$424,900",9142 Hull Ln NE,3.0, House for sale, Greenville, MI 48838,2.0,1365.0,MI,48838,26081
313,"$424,900",9142 Hull Ln NE,3.0, House for sale, Greenville, MI 48838,2.0,1365.0,MI,48838,26067
314,"$424,900",9142 Hull Ln NE,3.0, House for sale, Greenville, MI 48838,2.0,1365.0,MI,48838,26117
315,"$130,000",24395 Currier St,3.0, Coming soon, Dearborn Heights, MI 48125,2.0,925.0,MI,48125,26163
316,"$320,000",15436 Flowerfield Rd,1.0, House for sale, Three Rivers, MI 49093,1.0,2020.0,MI,49093,26149
317,"$320,000",15436 Flowerfield Rd,1.0, House for sale, Three Rivers, MI 49093,1.0,2020.0,MI,49093,26027
318,"$265,000",1910 Curtis Rd,4.0, House for sale, Birch Run, MI 48415,2.0,2018.0,MI,48415,26145
319,"$265,000",1910 Curtis Rd,4.0, House for sale, Birch Run, MI 48415,2.0,2018.0,MI,48415,26049
320,"$265,000",1910 Curtis Rd,4.0, House for sale, Birch Run, MI 48415,2.0,2018.0,MI,48415,26157
321,"$340,000",306 N Ann Arbor St,3.0, House for sale, Saline, MI 48176,2.0,1783.0,MI,48176,26161
322,"$340,000",306 N Ann Arbor St,3.0, House for sale, Saline, MI 48176,2.0,1783.0,MI,48176,26091
323,"$164,000",18356 Oxbow Dr,2.0, House for sale, Barryton, MI 49305,1.0,1156.0,MI,49305,26073
324,"$164,000",18356 Oxbow Dr,2.0, House for sale, Barryton, MI 49305,1.0,1156.0,MI,49305,26107
325,"$349,900",721 Nelson St,4.0, House for sale, Brighton, MI 48116,3.0,2002.0,MI,48116,26093
326,"$439,000",341 S Glengarry Rd,3.0, House for sale, Bloomfield Hills, MI 48301,3.0,1512.0,MI,48301,26125
327,"$649,000",4887 Beacon Hill Dr,4.0, House for sale, Bloomfield Hills, MI 48301,3.0,3000.0,MI,48301,26125
